<?xml version="1.0" encoding="UTF-8" standalone="yes"?>
<addon id="repository.foxymeta-dev" name="FoxyMeta Repo (beta)" version="0.0.1" provider-name="ruinernin">
    <extension point="xbmc.addon.repository" name="FoxyMeta-beta">
        <info compressed="false">https://raw.githubusercontent.com/ruinernin/foxymeta/betarepo/zips/addons.xml</info>
        <checksum>https://raw.githubusercontent.com/ruinernin/foxymeta/betarepo/zips/addons.xml.md5</checksum>
        <datadir zip="true">https://raw.githubusercontent.com/ruinernin/foxymeta/betarepo/zips/</datadir>
    </extension>
</addon>
